avon-and-somerset|Avon and Somerset Constabulary|https://www.avonandsomerset.police.uk/contact-us/report-a-crime-or-incident/
bedfordshire|Bedfordshire Police|https://www.bedfordshire.police.uk/report/Report-Shared/Report-road-traffic-collision
cambridgeshire|Cambridgeshire Constabulary|https://www.cambs.police.uk/report/Report-Shared/Report-road-traffic-collision
cheshire|Cheshire Constabulary|https://www.cheshire.police.uk/contact/
city-of-london|City of London Police|https://www.cityoflondon.police.uk/contact-city-police/reporting-a-crime/Pages/Online-crime-report.aspx
cleveland|Cleveland Police|https://www.cleveland.police.uk/contact-us/
cumbria|Cumbria Constabulary|https://www.cumbria.police.uk/Report-It/Report-a-Crime/Non-Emergency-Crime-Online.aspx
derbyshire|Derbyshire Constabulary|http://www.derbyshire.police.uk/Contact-Us/Signposting/Road-Traffic-Collisions.aspx
devon-and-cornwall|Devon & Cornwall Police|https://services.devon-cornwall.police.uk/crimereporting/
dorset|Dorset Police|https://www.dorset.police.uk/contact-us/call-us/
durham|Durham Constabulary|https://www.durham.police.uk/Contact-us/Report-a-crime/Pages/default.aspx
dyfed-powys|Dyfed-Powys Police|https://www.dyfed-powys.police.uk/en/contact-us/report-an-incident/
essex|Essex Police|https://www.essex.police.uk/do-it-online/report-a-road-traffic-collision/
gloucestershire|Gloucestershire Constabulary|https://www.gloucestershire.police.uk/what-do-i-do-if/i-have-been-involved-in-a-road-traffic-collision/
greater-manchester|Greater Manchester Police|http://www.gmp.police.uk/content/triage-category?ReadForm&l2=78366&l3=20483
gwent|Gwent Police|https://www.gwent.police.uk/en/contact-us/in-a-non-emergency-general-contact/
hampshire|Hampshire Constabulary|https://www.hampshire.police.uk/ro/report/rti/report-a-road-traffic-incident/
hertfordshire|Hertfordshire Constabulary|https://www.herts.police.uk/Report/Report-Shared/Report-road-traffic-collision
humberside|Humberside Police|https://www.reportingcrime.uk/HPrisk/
kent|Kent Police|https://www.kent.police.uk/services/report-a-collision-online/
lancashire|Lancashire Constabulary|https://www.lancashire.police.uk/contact-us/need-advice/road-traffic-collisions/
leicestershire|Leicestershire Police|https://leics.police.uk/report-online/road-traffic-collision
lincolnshire|Lincolnshire Police|https://www.lincs.police.uk/contact/
merseyside|Merseyside Police|https://www.merseyside.police.uk/advice-and-protection/policing-the-roads/road-traffic-collisions/
metropolitan|Metropolitan Police Service|https://www.met.police.uk/ro/report/rti/report-a-road-traffic-incident/
norfolk|Norfolk Constabulary|https://www.norfolk.police.uk/contact-us/report-something/report-road-traffic-collision
north-wales|North Wales Police|https://www.north-wales.police.uk/contact/minor-incident-reporting
north-yorkshire|North Yorkshire Police|https://northyorkshire.police.uk/contact/non-emergency/
northamptonshire|Northamptonshire Police|https://www.northants.police.uk/webform/online-crime-reporting
northumbria|Northumbria Police|https://www.northumbria.police.uk/faqs/who_to_contact/who_to_contact_about_road_traffic_collisions/
nottinghamshire|Nottinghamshire Police|https://www.nottinghamshire.police.uk/101
northern-ireland|Police Service of Northern Ireland|https://www.psni.police.uk/CrimeReportFormPage/
south-wales|South Wales Police|https://www.south-wales.police.uk/en/contact-us/
south-yorkshire|South Yorkshire Police|https://www.southyorks.police.uk/contact-us/should-i-call-101/road-traffic-collisions/
staffordshire|Staffordshire Police|https://www.staffordshire.police.uk/collisions
suffolk|Suffolk Constabulary|https://www.suffolk.police.uk/contact-us/report-something/report-road-traffic-collision
surrey|Surrey Police|https://surrey.police.uk/contact-us/report-online/reporting-road-traffic-collisions/
sussex|Sussex Police|https://sussex.police.uk/contact-us/report-online/report-a-road-traffic-collision/
thames-valley|Thames Valley Police|https://www.thamesvalley.police.uk/ro/report/rti/report-a-road-traffic-incident/
warwickshire|Warwickshire Police|https://www.warwickshire.police.uk/6239
west-mercia|West Mercia Police|https://www.westmercia.police.uk/article/5996/Road-Traffic-Collisions-RTCs
west-midlands|West Midlands Police|https://www.west-midlands.police.uk/your-options/road-traffic-collision
west-yorkshire|West Yorkshire Police|https://www.westyorkshire.police.uk/contact-us
wiltshire|Wiltshire Police|https://www.wiltshire.police.uk/article/1179/Accidents-and-collisions
